675kPX9MHTjS2zt1qfr1NYHuzeLXfQM9H24wFSUt1Mp8	445763204	3bcf0828cf38e5f703adbf31dc1bf81f0a1254dcb176ca950ae52231c20e6d14
CPMMoo8L3F4NbTegBCKVNunggL7H1ZpdTHKxQB5qKP1C	445763504	36537be95ba356056fa38b2847d928078c68bf6cd79b875c140e157e6452cc71
CAMMCzo5YL8w4VFF8KVHrK22GGUsp5VTaW7grrKgrWqK	439846317	c8fa1d9f02c63123c118b27a96a4e73ec4c015f16b093872afceb7657bfac4b0
whirLbMiicVdio4qvUfM5KAg6Ct8VwpYzGff3uctyCc	440170207	610b1e394973bd1b86de8afc983524bd21dea177e87bfae75ec289d4c350f9ae
LBUZKhRxPF3XUpBCjp4YzTKgLccjZhTSDM9YuVaPwxo	423977638	d296c6771cec945601027613ca637c1be6721044c5859009d41c453477844c1f
cpamdpZCGKUy5JxQXB4dcpGPiikHawvSWAd6mEn1sGG	445230614	4d5b920baebc090f89b2e8796a3452ed067c9667a143058c96a312f2c1e6848b
Eo7WjKq67rjJQSZxS6z3YkapzY3eMj6Xy8X5EQVn5UaB	442210200	de81c5e8e2725857af73da5294323cecae4eb639f5b4b66e300662b5a0f2547b
24Uqj9JCLxUeoC3hGfh5W3s9FM9uCHDS2SG3LYwBpyTi	388396429	fd0f3dd9e38a51f3afe04084a9df9dad1017af3e482674d2eed5b16e47ec78eb
pAMMBay6oceH9fJKBRHGP5D4bD4sWpmSwMn52FMfXEA	446462733	feb2ec72199f35999bbfd26ada811a37d297464ab265c78593b2d4717d7d42b5
pfeeUxB6jkeY1Hxd7CsFCAjcbHA9rWtchMGdZ6VojVZ	446465969	4a6e66093305f8a7cb9ca6e4f47c7de726b590dd2be0d5413ce408feba27c8a5
TokenkegQfeZyiNwAJbNbGKPFXCWuBvf9Ss623VQ5DA	419472000	8190d3f7ceb6cb7a7a8d8924bff89f9f611e15ce1f806f2b6237f3311a98f697
TokenzQdBNbLqP5VEhdkAS6EPFLC1PHnBqCXEpPxuEb	427147035	0999dbf708971e723b08d1caafc988826a59c6001ed6dc02260da07defbe1469
MemoSq4gqABAXKb96qnH8TysNcWxMyWCqXgDLGmfcHr	-	f520eaf096361abbb9639ea4dc3e5388a87b9330e121f476607b87c46ef67954
ATokenGPvbdGVxr1b2hvZbsiqW5xWH25efTNsLJA8knL	-	6804554e69fd3a58caa191dc4a58f4c67223d30ca28ab8987f39fc18d2f7374d
